{"hMOF-3": {"void_fraction": 0.749618649482727}, "hMOF-15": {"void_fraction": 0.7632724642753601}, "hMOF-12": {"void_fraction": 0.7713304758071899}, "hMOF-20": {"void_fraction": 0.7677491307258606}, "hMOF-6": {"void_fraction": 0.7743521928787231}, "hMOF-18": {"void_fraction": 0.7395461201667786}, "hMOF-0": {"void_fraction": 0.7847604751586914}, "hMOF-9": {"void_fraction": 0.7592434883117676}, "hMOF-25": {"void_fraction": 0.747044563293457}, "hMOF-22": {"void_fraction": 0.7349575161933899}}