{"hMOF-3": {"CO2_henry_coefficient_298K": -4.065875053405762}, "hMOF-15": {"CO2_henry_coefficient_298K": -4.384156227111816}, "hMOF-12": {"CO2_henry_coefficient_298K": -4.267125129699707}, "hMOF-20": {"CO2_henry_coefficient_298K": -4.337671756744385}, "hMOF-6": {"CO2_henry_coefficient_298K": -4.407124996185303}, "hMOF-18": {"CO2_henry_coefficient_298K": -4.447046756744385}, "hMOF-0": {"CO2_henry_coefficient_298K": -4.260015487670898}, "hMOF-9": {"CO2_henry_coefficient_298K": -4.196031093597412}, "hMOF-25": {"CO2_henry_coefficient_298K": -4.171422004699707}, "hMOF-22": {"CO2_henry_coefficient_298K": -4.2042341232299805}}